<?xml version="1.0" encoding="utf-8"?>

<Strategy xmlns="http://www.fixprotocol.org/FIXatdl-1-1/Core"
    xmlns:val="http://www.fixprotocol.org/FIXatdl-1-1/Validation"
    xmlns:lay="http://www.fixprotocol.org/FIXatdl-1-1/Layout"
    xmlns:flow="http://www.fixprotocol.org/FIXatdl-1-1/Flow"
    xmlns:xsi="http://www.w3.org/2001/XMLSchema-instance"
    xsi:schemaLocation="http://www.fixprotocol.org/FIXatdl-1-1/Core tt-fixatdl-core-1-1.xsd"
    name="UChicago3_MarketMaker" uiRep="Market Maker" version="1.0.646" providerID="TT" entryFile="MarketMaker.so">



    <Parameter name="instr_underlying" xsi:type="String_t" required="true" dir="In" updateable="false"/>

    <Parameter name="strike_1" xsi:type="Float_t"  minValue="0" required="true" dir="In" updateable="true"/>

    <Parameter name="instr_id_C1" xsi:type="String_t" required="true" dir="In" updateable="false"/>

    <Parameter name="instr_id_P1" xsi:type="String_t" required="true" dir="In" updateable="false"/>

    <Parameter name="strike_2" xsi:type="Float_t"  minValue="0" required="true" dir="In" updateable="true"/>

    <Parameter name="instr_id_C2" xsi:type="String_t" required="true" dir="In" updateable="false"/>

    <Parameter name="instr_id_P2" xsi:type="String_t" required="true" dir="In" updateable="false"/>

    <Parameter name="strike_3" xsi:type="Float_t"  minValue="0" required="true" dir="In" updateable="true"/>

    <Parameter name="instr_id_C3" xsi:type="String_t" required="true" dir="In" updateable="false"/>

    <Parameter name="instr_id_P3" xsi:type="String_t" required="true" dir="In" updateable="false"/>

    <Parameter name="strike_4" xsi:type="Float_t"  minValue="0" required="false" dir="In" updateable="true"/>

    <Parameter name="instr_id_C4" xsi:type="String_t" required="false" dir="In" updateable="false"/>

    <Parameter name="instr_id_P4" xsi:type="String_t" required="false" dir="In" updateable="false"/>

    <Parameter name="strike_5" xsi:type="Float_t"  minValue="0" required="false" dir="In" updateable="true"/>

    <Parameter name="instr_id_C5" xsi:type="String_t" required="false" dir="In" updateable="false"/>

    <Parameter name="instr_id_P5" xsi:type="String_t" required="false" dir="In" updateable="false"/>

    <Parameter name="strike_6" xsi:type="Float_t"  minValue="0" required="false" dir="In" updateable="true"/>

    <Parameter name="instr_id_C6" xsi:type="String_t" required="false" dir="In" updateable="false"/>

    <Parameter name="instr_id_P6" xsi:type="String_t" required="false" dir="In" updateable="false"/>

    <Parameter name="strike_7" xsi:type="Float_t"  minValue="0" required="false" dir="In" updateable="true"/>

    <Parameter name="instr_id_C7" xsi:type="String_t" required="false" dir="In" updateable="false"/>

    <Parameter name="instr_id_P7" xsi:type="String_t" required="false" dir="In" updateable="false"/>

    <Parameter name="num_strikes" xsi:type="Int_t"  minValue="3" required="true" dir="In" updateable="true"/>

    <Parameter name="theta" xsi:type="Float_t"  minValue="0" required="true" dir="In" updateable="true"/>

    <Parameter name="interest_rate" xsi:type="Float_t"  minValue="0" required="true" dir="In" updateable="true"/>

    <Parameter name="account" xsi:type="String_t" required="true" dir="In" updateable="false"/>

    <Parameter name="max_qty" xsi:type="Int_t"  initValue="1" minValue="1" required="true" dir="In" updateable="true"/>

    <Parameter name="spread_width" xsi:type="Int_t" initValue="1" minValue="0" maxValue="99" required="true" dir="In" updateable="true"/>

    <Parameter name="max_d_position" xsi:type="Int_t" initValue="10" minValue="0" required="true" dir="In" updateable="true"/>

    <Parameter name="max_v_position" xsi:type="Int_t" initValue="10000" minValue="0" required="true" dir="In" updateable="true"/>

    <Parameter name="command_from_excel" xsi:type="String_t"  required="false" dir="In" updateable="true"/>

    <lay:StrategyLayout>

        <lay:StrategyPanel orientation="VERTICAL">

            <lay:Control ID="instr_ctrl_underlying" parameterRef="instr_underlying" xsi:type="lay:MarketExplorer_t" label="Underlying Instrument"/>
            <lay:Control ID="strike_1_ctrl" parameterRef="strike_1" xsi:type="lay:SingleSpinner_t" label="Strike_1 Price"/>
            <lay:Control ID="instr_id_ctrl_C1" parameterRef="instr_id_C1" xsi:type="lay:MarketExplorer_t" label="Instrument_C1"/>
            <lay:Control ID="instr_id_ctrl_P1" parameterRef="instr_id_P1" xsi:type="lay:MarketExplorer_t" label="Instrument_P1"/>
            <lay:Control ID="strike_2_ctrl" parameterRef="strike_2" xsi:type="lay:SingleSpinner_t" label="Strike_2 Price"/>
            <lay:Control ID="instr_id_ctrl_C2" parameterRef="instr_id_C2" xsi:type="lay:MarketExplorer_t" label="Instrument_C2"/>
            <lay:Control ID="instr_id_ctrl_P2" parameterRef="instr_id_P2" xsi:type="lay:MarketExplorer_t" label="Instrument_P2"/>
            <lay:Control ID="strike_3_ctrl" parameterRef="strike_3" xsi:type="lay:SingleSpinner_t" label="Strike_3 Price"/>
            <lay:Control ID="instr_id_ctrl_C3" parameterRef="instr_id_C3" xsi:type="lay:MarketExplorer_t" label="Instrument_C3"/>
            <lay:Control ID="instr_id_ctrl_P3" parameterRef="instr_id_P3" xsi:type="lay:MarketExplorer_t" label="Instrument_P3"/>
            <lay:Control ID="strike_4_ctrl" parameterRef="strike_4" xsi:type="lay:SingleSpinner_t" label="Strike_4 Price"/>
            <lay:Control ID="instr_id_ctrl_C4" parameterRef="instr_id_C4" xsi:type="lay:MarketExplorer_t" label="Instrument_C4"/>
            <lay:Control ID="instr_id_ctrl_P4" parameterRef="instr_id_P4" xsi:type="lay:MarketExplorer_t" label="Instrument_P4"/>
            <lay:Control ID="strike_5_ctrl" parameterRef="strike_5" xsi:type="lay:SingleSpinner_t" label="Strike_5 Price"/>
            <lay:Control ID="instr_id_ctrl_C5" parameterRef="instr_id_C5" xsi:type="lay:MarketExplorer_t" label="Instrument_C5"/>
            <lay:Control ID="instr_id_ctrl_P5" parameterRef="instr_id_P5" xsi:type="lay:MarketExplorer_t" label="Instrument_P5"/>
            <lay:Control ID="strike_6_ctrl" parameterRef="strike_6" xsi:type="lay:SingleSpinner_t" label="Strike_6 Price"/>
            <lay:Control ID="instr_id_ctrl_C6" parameterRef="instr_id_C6" xsi:type="lay:MarketExplorer_t" label="Instrument_C6"/>
            <lay:Control ID="instr_id_ctrl_P6" parameterRef="instr_id_P6" xsi:type="lay:MarketExplorer_t" label="Instrument_P6"/>
            <lay:Control ID="strike_7_ctrl" parameterRef="strike_7" xsi:type="lay:SingleSpinner_t" label="Strike_7 Price"/>
            <lay:Control ID="instr_id_ctrl_C7" parameterRef="instr_id_C7" xsi:type="lay:MarketExplorer_t" label="Instrument_C7"/>
            <lay:Control ID="instr_id_ctrl_P7" parameterRef="instr_id_P7" xsi:type="lay:MarketExplorer_t" label="Instrument_P7"/>
            <lay:Control ID="account_ctrl" parameterRef="account" xsi:type="lay:ttaccounts_t" dependentParam="instr_id" label="Account"/>
            <lay:Control ID="num_strikes_ctrl" parameterRef="num_strikes" xsi:type="lay:SingleSpinner_t" label="Num Strikes"/>
            <lay:Control ID="theta_ctrl" parameterRef="theta" xsi:type="lay:SingleSpinner_t" label="(T-t)"/>
            <lay:Control ID="interest_rate_ctrl" parameterRef="interest_rate" xsi:type="lay:SingleSpinner_t" label="Interest Rate"/>
            <lay:Control ID="qty_ctrl" parameterRef="max_qty" xsi:type="lay:SingleSpinner_t" label="Max Quantity"/>
            <lay:Control ID="spread_width_ctrl" parameterRef="spread_width" xsi:type="lay:SingleSpinner_t" label="Spread Multiplier"/>
            <lay:Control ID="max_d_position_ctrl" parameterRef="max_d_position" xsi:type="lay:SingleSpinner_t" label="Max Delta"/>
            <lay:Control ID="max_v_position_ctrl" parameterRef="max_v_position" xsi:type="lay:SingleSpinner_t" label="Max Vega"/>
            <lay:Control ID="command_from_excel_ctrl" parameterRef="command_from_excel" xsi:type="lay:TextField_t"  label="Excel Command"/>
        </lay:StrategyPanel>

    </lay:StrategyLayout>

</Strategy>